Action,Adventure,Sci-Fi,333.13
Adventure,Mystery,Sci-Fi,126.46
Horror,Thriller,,138.12
Animation,Comedy,Family,270.32
Action,Adventure,Fantasy,325.02
Action,Adventure,Fantasy,45.13
Comedy,Drama,Music,151.06
Comedy,,,
Action,Adventure,Biography,8.01
Adventure,Drama,Romance,100.01
Adventure,Family,Fantasy,234.02
Biography,Drama,History,169.27
Action,Adventure,Sci-Fi,532.17
Animation,Adventure,Comedy,248.75
Action,Comedy,Drama,2.87
Animation,Adventure,Comedy,368.31
Biography,Drama,History,67.12
Action,Thriller,,162.16
Biography,Drama,,51.69
Drama,Mystery,Sci-Fi,100.5
Adventure,Drama,Thriller,7.22
Drama,,,47.7
Crime,Drama,Horror,
Animation,Adventure,Comedy,153.69
Action,Adventure,Sci-Fi,103.14
Comedy,,,
Action,Adventure,Drama,6.5
Horror,Thriller,,0.01
Comedy,,,113.08
Action,Adventure,Drama,54.65
Comedy,,,60.31
Drama,Thriller,,10.64
Action,Adventure,Sci-Fi,155.33
Action,Adventure,Comedy,363.02
Action,Horror,Sci-Fi,26.84
Action,Adventure,Sci-Fi,408.08
Adventure,Drama,Sci-Fi,187.99
Action,Adventure,Fantasy,232.6
Action,Adventure,Western,93.38
Comedy,Drama,,
Animation,Adventure,Comedy,97.66
Drama,,,27.85
Horror,,,
Biography,Drama,History,12.79
Drama,,,4.21
Action,Adventure,Fantasy,241.06
Drama,Thriller,,3.44
Adventure,Drama,Fantasy,
Action,Adventure,Sci-Fi,158.8
Drama,,,
Action,Adventure,Fantasy,936.63
Action,Adventure,Fantasy,30.35
Comedy,Drama,,32.46
Action,Crime,Thriller,43
Action,Crime,Drama,533.32
Adventure,Drama,History,7.08
Crime,Horror,Thriller,89.21
Drama,Romance,,56.23
Comedy,Drama,Romance,3.18
Biography,Drama,,125.07
Action,Adventure,Sci-Fi,330.25
Horror,Mystery,Thriller,
Crime,Drama,Mystery,75.31
Drama,Romance,Thriller,166.15
Drama,Mystery,Sci-Fi,53.08
Action,Adventure,Comedy,128.25
Drama,History,Thriller,31.86
Action,Adventure,Sci-Fi,153.63
Drama,,,0.01
Action,Drama,Thriller,61.28
Drama,History,,
Action,Drama,Romance,40.07
Drama,Fantasy,,3.73
Drama,Romance,,30.98
Animation,Adventure,Comedy,341.26
Action,Adventure,Fantasy,309.4
Action,Sci-Fi,,623.28
Adventure,Drama,War,120.52
Action,Adventure,Fantasy,423.03
Action,Comedy,Fantasy,128.34
Action,Adventure,Sci-Fi,292.57
Comedy,Drama,,5.88
Biography,Comedy,Crime,116.87
Crime,Drama,Mystery,167.74
Action,Crime,Thriller,350.03
Action,Adventure,Sci-Fi,652.18
Crime,Drama,,10.38
Action,Adventure,Fantasy,760.51
Crime,Drama,Mystery,54.12
Action,Crime,Drama,86.2
Crime,Drama,Mystery,60.96
Action,Adventure,Fantasy,47.17
Drama,,,169.71
Comedy,Crime,Drama,43.02
Action,Adventure,Sci-Fi,458.99
Action,Comedy,Crime,36.25
Animation,Drama,Fantasy,4.68
Horror,Mystery,Sci-Fi,0.15
Drama,Mystery,Thriller,1.29
Crime,Drama,Thriller,132.37
Biography,Crime,Drama,1.87
Action,Adventure,Fantasy,181.02
Adventure,Drama,Sci-Fi,228.43
Crime,Mystery,Thriller,
Action,Adventure,Comedy,45.43
Crime,Drama,Thriller,26.86
Comedy,,,1.66
Action,Adventure,Drama,126.59
Drama,,,
Drama,Mystery,Sci-Fi,25.44
Action,Horror,Thriller,10.16
Biography,Drama,History,56.67
Romance,Sci-Fi,,
Action,Fantasy,War,210.59
Adventure,Drama,Fantasy,380.96
Comedy,,,54.73
Horror,Thriller,,1.33
Action,Biography,Drama,11.15
Drama,Horror,Mystery,71.9
Animation,Adventure,Comedy,486.29
Adventure,Drama,Family,87.24
Adventure,Mystery,Sci-Fi,150.83
Adventure,Comedy,Romance,46.01
Action,,,
Action,Thriller,,448.13
Adventure,Drama,Family,364
Action,Adventure,Sci-Fi,245.43
Adventure,Crime,Mystery,38.56
Comedy,Family,Musical,143.7
Adventure,Drama,Thriller,183.64
Drama,,,57.64
Adventure,Comedy,Drama,128
Drama,Horror,Thriller,55.12
Drama,Music,,13.09
Action,Crime,Thriller,238.67
Crime,Drama,Thriller,21.38
Crime,Drama,Thriller,74.27
Drama,Romance,,144.81
Mystery,Thriller,,127.97
Mystery,Thriller,Western,
Action,Adventure,Sci-Fi,257.7
Comedy,Family,,64
Biography,Comedy,Drama,70.24
Drama,,,14.68
Drama,Western,,162.8
Drama,Mystery,Romance,2.01
Comedy,Drama,,14.26
Action,Drama,Mystery,107.5
Comedy,,,121.46
Action,Adventure,Crime,34.26
Adventure,Family,Fantasy,55.47
Adventure,Sci-Fi,Thriller,408
Drama,,,0.2
Action,Crime,Drama,46.88
Drama,Horror,Mystery,
Action,Horror,Sci-Fi,41.8
Action,Adventure,Sci-Fi,101.79
Comedy,Drama,Romance,84.24
Action,Comedy,Fantasy,31.49
Action,Comedy,Mystery,23.62
Thriller,War,,
Action,Comedy,Crime,1.8
Action,Adventure,Sci-Fi,233.91
Action,Adventure,Crime,58.4
Action,Adventure,Thriller,167.01
Drama,Fantasy,Romance,191.45
Action,Adventure,Comedy,65.03
Biography,Drama,History,33.31
Action,Drama,History,52.82
Action,Adventure,Thriller,200.07
Crime,Drama,Thriller,32.28
Animation,Adventure,Family,48.02
Adventure,Horror,,
Drama,Romance,Sci-Fi,25.56
Animation,Adventure,Comedy,400.74
Action,Adventure,Family,93.42
Action,Adventure,Drama,208.54
Action,Comedy,,110.42
Horror,Mystery,Thriller,102.46
Action,Adventure,Comedy,180.19
Comedy,Romance,,24.09
Horror,Mystery,,25.14
Drama,Family,Fantasy,201.15
Sci-Fi,,,
Drama,Thriller,,3.4
Drama,Romance,,
Drama,War,,1.72
Drama,Fantasy,Horror,31.06
Crime,Drama,,35.05
Comedy,Drama,Romance,110.01
Drama,Romance,,12.53
Drama,,,
Crime,Drama,History,44.99
Horror,Sci-Fi,Thriller,3.91
Action,Drama,Sport,13.65
Action,Adventure,Sci-Fi,176.64
Crime,Drama,Thriller,
Adventure,Biography,Drama,18.35
Biography,Drama,Thriller,91.12
Action,Comedy,Crime,127.38
Action,Adventure,Sci-Fi,100.19
Drama,Fantasy,Horror,8.1
Biography,Drama,Thriller,21.48
Action,Adventure,Sci-Fi,318.3
Action,Adventure,Mystery,66
Action,Adventure,Sci-Fi,146.41
Drama,Horror,,0.51
Comedy,Drama,Romance,2.14
Comedy,Romance,,169.08
Drama,Horror,Thriller,
Action,Adventure,Drama,155.18
Drama,,,14.12
Action,Adventure,Sci-Fi,318.76
Action,Drama,Mystery,
Action,Adventure,Fantasy,206.36
Action,Adventure,Fantasy,31.14
Action,Adventure,Sci-Fi,259.75
Action,Adventure,Comedy,33.04
Drama,Horror,,
Action,Comedy,,48.04
Action,Adventure,Sci-Fi,9.24
Animation,Adventure,Comedy,244.05
Horror,Mystery,,14.67
Crime,Drama,Mystery,102.52
Comedy,Crime,,150.37
Drama,,,0.66
Comedy,Drama,Romance,8.7
Action,Adventure,Sci-Fi,52
Action,Adventure,Family,241.41
Horror,Sci-Fi,Thriller,
Drama,Fantasy,War,37.62
Crime,Drama,Thriller,0
Action,Adventure,Drama,50.86
Action,Adventure,Thriller,195
Action,Adventure,Drama,47.95
Drama,Romance,,17.74
Biography,Drama,History,13.96
Drama,Horror,Thriller,2.41
Adventure,Comedy,Drama,59.07
Action,Adventure,Romance,26.62
Action,Drama,War,85.71
Animation,Adventure,Comedy,356.45
Animation,Adventure,Comedy,9.4
Action,Adventure,Sci-Fi,89.73
Adventure,Family,Fantasy,88.76
Drama,Musical,Romance,148.78
Drama,Sci-Fi,Thriller,35.29
Comedy,Drama,,5.66
Action,Comedy,Crime,110.82
Biography,Comedy,Drama,13.18
Comedy,Drama,Romance,0.32
Drama,Thriller,,0.11
Biography,Drama,History,161.03
Action,Adventure,Sci-Fi,202.85
Horror,Mystery,Thriller,137.39
Comedy,,,277.31
Action,Adventure,Sci-Fi,65.17
Action,Drama,Sci-Fi,176.74
Horror,,,67.24
Drama,Thriller,,2.27
Comedy,Drama,Romance,42.34
Drama,Thriller,,106.95
Comedy,Drama,,4.4
Drama,,,0.79
Action,Adventure,Comedy,0.54
Drama,Horror,Thriller,0.03
Comedy,,,35.54
Drama,Sci-Fi,,27.1
Action,Adventure,Sci-Fi,179.88
Horror,,,
Action,Adventure,Thriller,304.36
Adventure,Fantasy,,303
Action,Comedy,Crime,138.45
Comedy,Drama,Music,3.23
Animation,Adventure,Comedy,
Action,Adventure,Mystery,89.02
Action,Comedy,Crime,191.62
Crime,Drama,History,33.05
Comedy,,,3.37
Action,Adventure,Sci-Fi,408.99
Crime,Mystery,Thriller,117.7
Action,Adventure,Crime,209.02
Thriller,,,
Biography,Drama,Romance,12.71
Action,Adventure,,72.66
Action,Fantasy,,36.38
Action,Comedy,,14.9
Action,Adventure,Sci-Fi,47.38
Action,Comedy,Crime,17.36
Thriller,,,
Action,Drama,Horror,2.13
Comedy,Music,Romance,65
Comedy,,,55.29
Drama,,,
Action,Adventure,Fantasy,291.02
Drama,Romance,,18.71
Animation,Adventure,Comedy,64.06
Comedy,Drama,,124.73
Biography,Crime,Drama,15.43
Drama,History,,40.22
Action,Crime,Thriller,101.53
Action,Biography,Drama,125.07
Horror,,,42.04
Comedy,Romance,,48.24
Comedy,Romance,,31.58
Comedy,Crime,Drama,8.09
Adventure,Family,Fantasy,77.04
Crime,Drama,Thriller,
Action,Crime,Thriller,62.49
Comedy,Romance,,46.81
Biography,Drama,Sport,255.95
Drama,Romance,,2.2
Drama,Horror,,0.92
Adventure,Fantasy,,255.11
Adventure,Family,Fantasy,292
Action,Drama,Sci-Fi,4.56
Action,Adventure,Sci-Fi,34.91
Action,Horror,,
Comedy,Horror,Thriller,65.07
Action,Crime,Thriller,209.81
Crime,Drama,Music,65.27
Drama,,,0.01
Action,Crime,Thriller,5.69
Action,Sci-Fi,Thriller,37.55
Biography,Drama,,96.92
Action,Adventure,Fantasy,27.36
Drama,Horror,Sci-Fi,5.77
Biography,Comedy,Drama,0.04
Crime,Horror,Thriller,3.22
Crime,Drama,Mystery,7.1
Animation,Adventure,Comedy,72.66
Action,Biography,Drama,350.12
Biography,Drama,,27.3
Biography,Drama,History,182.2
Action,Biography,Drama,26.9
Drama,Fantasy,Horror,
Comedy,Drama,Romance,132.09
Drama,Sport,,
Drama,Romance,,124.87
Comedy,Romance,,46.28
Action,Crime,Thriller,155.02
Action,Crime,Drama,66.47
Action,Drama,Thriller,73.1
Adventure,Family,Fantasy,76.2
Action,Adventure,,336.53
Action,Adventure,Romance,20.32
Adventure,Family,Fantasy,38.35
Crime,Drama,,150.12
Comedy,Horror,,16.2
Comedy,Fantasy,Romance,56.82
Drama,,,
Drama,,,56.44
Comedy,Drama,,2.02
Comedy,Drama,Romance,11.08
Adventure,Sci-Fi,Thriller,130
Action,Adventure,Fantasy,17.18
Comedy,Drama,,
Biography,Drama,Romance,35.89
Comedy,Fantasy,,101.47
Comedy,Drama,Fantasy,15.29
Comedy,,,100.47
Horror,Thriller,,0.05
Action,Adventure,Sci-Fi,228.76
Adventure,Comedy,Horror,75.59
Comedy,Mystery,,30
Drama,,,141.32
Adventure,Drama,Fantasy,292.3
Drama,Sport,,
Action,Adventure,,262.03
Action,Adventure,Drama,26.38
Action,Drama,Sci-Fi,3.85
Action,Mystery,Sci-Fi,102.41
Action,Crime,Drama,14.27
Action,Crime,Fantasy,134.57
Biography,Comedy,Drama,27.37
Action,Crime,Thriller,2.2
Biography,Crime,Drama,62.56
Drama,Sport,,109.71
Adventure,Comedy,Drama,4.21
Action,Adventure,Thriller,39.29
Comedy,Fantasy,Horror,3.33
Drama,Sport,,52.42
Horror,Thriller,,
Drama,History,Thriller,72.31
Animation,Action,Adventure,257.76
Action,Adventure,Drama,43.25
Action,Comedy,Family,78.75
Action,Adventure,Drama,105.22
Action,Adventure,Sci-Fi,132.55
Action,Adventure,Sci-Fi,73.06
Action,Comedy,,20.57
Action,Crime,Drama,10.64
Biography,Drama,,17.75
Comedy,Romance,,
Comedy,,,133.67
Drama,Fantasy,Romance,42.48
Action,Adventure,Sci-Fi,134.52
Comedy,,,109.18
Comedy,Sci-Fi,,
Comedy,Drama,,113.71
Animation,Action,Adventure,336.03
Horror,,,
Action,Biography,Crime,0.1
Animation,Adventure,Comedy,251.5
Drama,Romance,,26.76
Drama,Mystery,Thriller,0.23
Drama,History,Thriller,95.72
Animation,Adventure,Comedy,200.81
Action,Adventure,Sci-Fi,281.67
Adventure,Comedy,,58.88
Action,Thriller,,145
Comedy,Music,,183.44
Animation,Adventure,Comedy,268.49
Crime,Drama,Thriller,
Action,Adventure,Crime,21.2
Comedy,Drama,Horror,1.82
Drama,,,
Drama,Mystery,Romance,50.92
Adventure,Family,Fantasy,294.98
Drama,,,4
Action,Drama,Thriller,40.25
Drama,,,0.04
Action,Horror,Romance,10.91
Action,Drama,Fantasy,106.37
Action,Crime,Drama,62.4
Drama,Fantasy,Romance,127.49
Action,Crime,Thriller,13.75
Action,Mystery,Thriller,227.14
Horror,Mystery,Thriller,
Action,Horror,Sci-Fi,79
Comedy,Drama,,6.52
Comedy,,,28.84
Action,Adventure,Horror,202.35
Action,Adventure,Thriller,209.36
Action,Crime,Drama,
Comedy,Crime,Drama,0.03
Drama,Romance,,37.43
Drama,Thriller,,19
Action,Comedy,Crime,28.75
Comedy,,,
Adventure,Family,Fantasy,234.9
Drama,Romance,,38.32
Animation,Family,Fantasy,75.28
Drama,Romance,,9.7
Thriller,,,
Adventure,Horror,Mystery,46.98
Action,Sci-Fi,,13.4
Adventure,Comedy,Drama,5.2
Animation,Action,Adventure,222.49
Drama,Horror,,35.27
Action,Adventure,Sci-Fi,312.06
Comedy,Drama,,1.82
Action,Horror,Mystery,10.33
Action,Thriller,,98.9
Action,Adventure,Sci-Fi,55.09
Drama,,,0.61
Comedy,Drama,Romance,163.95
Comedy,Crime,,90.35
Comedy,Romance,,103.03
Drama,Romance,,22.88
Crime,Drama,Thriller,92.17
Horror,Mystery,Thriller,35.79
Biography,Drama,,4.07
Drama,Mystery,Sci-Fi,
Adventure,Comedy,Family,80.02
Action,Adventure,Crime,186.83
Action,Crime,Mystery,118.31
Mystery,Thriller,,1.01
Action,Sci-Fi,Thriller,115.65
Action,Comedy,Crime,119.22
Biography,Crime,Drama,130.13
Biography,Drama,History,15.96
Action,Adventure,Sci-Fi,166.11
Adventure,Family,Fantasy,301.96
Biography,Drama,History,136.02
Biography,Comedy,Drama,15.79
Drama,Thriller,,11.28
Horror,Thriller,,
Drama,,,
Drama,War,,
Comedy,Drama,Romance,62.88
Drama,Romance,Sci-Fi,45.09
Action,Crime,Drama,12.63
Comedy,Drama,,
Animation,Action,Adventure,107.51
Adventure,Comedy,Drama,45.51
Comedy,Drama,Family,118.82
Drama,Romance,Thriller,71.35
Comedy,Crime,Drama,53.85
Animation,Comedy,Family,206.44
Drama,Horror,Sci-Fi,0.02
Action,Adventure,Drama,94.82
Action,Horror,Sci-Fi,80.03
Action,Crime,Sport,28.77
Drama,Horror,Sci-Fi,2.61
Drama,Horror,Sci-Fi,256.39
Action,Adventure,Comedy,179.02
Mystery,Sci-Fi,Thriller,126.98
Crime,Drama,Thriller,73.34
Animation,Adventure,Comedy,292.98
Action,Sci-Fi,Thriller,81.69
Drama,Romance,,0.25
Crime,Drama,Thriller,
Comedy,Drama,Music,2.7
Drama,Fantasy,Romance,
Crime,Drama,Thriller,
Crime,Drama,Thriller,47.31
Comedy,Drama,Romance,32.39
Comedy,Romance,,8.83
Drama,Sci-Fi,Thriller,274.08
Drama,War,,9.03
Action,Crime,Drama,46.98
Sci-Fi,Thriller,,64.51
Adventure,Drama,Horror,66.01
Comedy,Drama,Music,
Comedy,Drama,Romance,58.4
Action,Adventure,Drama,65.01
Action,Crime,Drama,31.57
Adventure,Fantasy,,258.36
Drama,Romance,,0.05
Biography,History,Thriller,2.96
Crime,Drama,Thriller,16.97
Action,Drama,History,23.05
Biography,Comedy,Drama,
Crime,Drama,Thriller,0.06
Action,Biography,Drama,93.05
Action,Drama,Sci-Fi,
Adventure,Horror,,7.19
Action,Adventure,Sci-Fi,200.66
Action,Adventure,Mystery,113.17
Comedy,Drama,Romance,7.46
Horror,Thriller,,64.03
Action,Sci-Fi,Thriller,
Action,Sci-Fi,Thriller,126.55
Biography,Drama,,1.08
Action,Crime,Drama,43.57
Action,Crime,Mystery,58.68
Action,Adventure,Comedy,0.54
Crime,Drama,Thriller,
Crime,Drama,,
Mystery,Thriller,,15.52
Mystery,Sci-Fi,Thriller,79.24
Action,Mystery,Sci-Fi,
Drama,Romance,,53.68
Drama,Thriller,,
Drama,Mystery,Sci-Fi,3.71
Comedy,Drama,,4.42
Adventure,Family,Fantasy,334.19
Biography,Drama,Sport,0.11
Drama,,,
Comedy,Drama,Romance,118.68
Biography,Drama,Romance,7.7
Action,Adventure,Sci-Fi,56.11
Drama,Sci-Fi,Thriller,
Drama,Romance,Thriller,
Mystery,Thriller,,35.39
Mystery,Thriller,,43.77
Action,Drama,Fantasy,55.94
Action,Adventure,Biography,24.99
Adventure,Comedy,Sci-Fi,0.44
Action,Adventure,Thriller,102.98
Fantasy,Horror,,54.24
Horror,Mystery,,48.06
Animation,Adventure,Comedy,189.41
Action,Adventure,Drama,155.11
Adventure,Family,Fantasy,34.96
Action,Adventure,Sci-Fi,352.36
Comedy,Drama,,143.49
Comedy,Drama,,4.2
Crime,Drama,Thriller,41.01
Comedy,Romance,,83.91
Animation,Comedy,Family,127.71
Comedy,Drama,,75.27
Comedy,Drama,,59.89
Biography,Drama,Sport,4.85
Action,Adventure,Fantasy,163.19
Action,Drama,History,27.55
Action,Adventure,Sci-Fi,172.05
Action,Adventure,Mystery,424.65
Crime,Drama,Mystery,0.58
Action,,,131.56
Action,Adventure,Family,
Comedy,Romance,,38.54
Comedy,Drama,Romance,41.1
Biography,Drama,Sport,75.61
Action,Fantasy,Thriller,115.8
Biography,Drama,Sport,115.6
Action,Drama,Fantasy,83.5
Adventure,Sci-Fi,Thriller,3.68
Animation,Adventure,Comedy,237.28
Drama,Mystery,Thriller,10.1
Drama,Romance,,0.32
Crime,Drama,Mystery,10.72
Comedy,Romance,Sport,2.34
Comedy,Family,,150.32
Drama,Horror,Mystery,12.13
Action,Drama,Sport,24.85
Action,Adventure,Comedy,6.86
Drama,Mystery,Sci-Fi,5.01
Animation,Action,Comedy,148.34
Action,Crime,Drama,46
Action,Crime,Drama,93.95
Comedy,Drama,Romance,
Animation,Action,Adventure,143.52
Crime,Drama,,6.53
Drama,,,
Drama,,,
Comedy,Crime,,117.53
Drama,,,3.49
Action,Adventure,Fantasy,75.75
Drama,Fantasy,Romance,19.45
Comedy,Drama,,1.48
Drama,Fantasy,Thriller,43.98
Biography,Crime,Drama,3.9
Comedy,Drama,Romance,24.48
Action,Crime,Drama,0.04
Sci-Fi,,,20.76
Action,Biography,Drama,
Action,Comedy,Romance,0.03
Adventure,Comedy,Drama,58.23
Comedy,Crime,Drama,17.47
Action,Fantasy,Horror,62.32
Drama,Horror,,0.4
Horror,,,65
Action,Thriller,,89.25
Action,Adventure,Mystery,58.88
Action,Adventure,Fantasy,234.36
Comedy,Drama,Romance,
Crime,Drama,Mystery,
Adventure,Comedy,Family,113.73
Comedy,Drama,Romance,32.36
Comedy,,,6.11
Comedy,Drama,Horror,2.2
Drama,Horror,Thriller,
Animation,Adventure,Family,223.81
Comedy,Romance,,148.73
Mystery,Romance,Sci-Fi,54.7
Crime,Drama,,37.4
Drama,Horror,Mystery,31.54
Comedy,,,56.72
Biography,Drama,,162.59
Comedy,Drama,Thriller,3.08
Comedy,Western,,
Drama,History,War,0.86
Drama,Horror,Sci-Fi,
Drama,,,148.09
Comedy,Drama,,13.65
Fantasy,Horror,Thriller,
Drama,Romance,,0.03
Action,Comedy,Fantasy,7.79
Drama,Horror,Musical,52.88
Crime,Drama,Mystery,
Horror,Mystery,Thriller,53.99
Comedy,Music,,9.39
Drama,,,
Biography,Crime,Drama,97.03
Drama,,,25.36
Action,Adventure,Comedy,190.87
Crime,Drama,Mystery,17.11
Drama,,,0.03
Action,Comedy,Crime,87.34
Comedy,Drama,Romance,0.02
Crime,Drama,Mystery,20.3
Action,Comedy,Crime,159.58
Drama,,,0.28
Drama,Romance,,12.8
Crime,Drama,Mystery,0.05
Adventure,Comedy,Romance,81.26
Comedy,Crime,Drama,49.87
Adventure,Drama,Thriller,57.37
Biography,Crime,Drama,
Crime,Drama,Thriller,1.21
Drama,History,Thriller,15.7
Action,Adventure,Sci-Fi,116.59
Action,Comedy,,
Horror,,,25.59
Action,Crime,Mystery,25.12
Comedy,Romance,,0.01
Comedy,,,34.02
Action,Drama,Thriller,0.54
Action,Adventure,Sci-Fi,337.1
Drama,Mystery,Thriller,1.74
Comedy,Drama,Romance,14.01
Action,Fantasy,Horror,31.17
Drama,Romance,,69.95
Biography,Drama,,138.8
Biography,Drama,,0.15
Action,Adventure,Sci-Fi,80.17
Animation,Adventure,Comedy,414.98
Drama,Mystery,Thriller,24.1
Action,Horror,Sci-Fi,42.35
Drama,Romance,,1.4
Biography,Drama,,1.36
Action,Adventure,Drama,23.22
Adventure,Drama,Fantasy,124.98
Drama,Family,,
Comedy,Drama,Romance,0.2
Drama,Romance,Sci-Fi,0.33
Action,Adventure,Thriller,134.52
Comedy,Romance,,
Crime,Drama,Horror,1.29
Comedy,Fantasy,,218.63
Action,Comedy,Crime,90.36
Adventure,Drama,Romance,49.55
Action,Crime,Drama,23.23
Crime,Horror,Thriller,
Romance,Sci-Fi,Thriller,62.45
Comedy,Drama,Romance,1.02
Crime,Drama,,47.11
Crime,Drama,Mystery,5.73
Action,Adventure,Sci-Fi,402.08
Animation,Fantasy,,0.92
Animation,Adventure,Comedy,50.15
Drama,Mystery,War,6.86
Comedy,Romance,,36.77
Animation,Comedy,Family,197.99
Comedy,,,32.36
Horror,Mystery,Thriller,52.53
Action,Adventure,Drama,101.16
Comedy,,,150.06
Drama,,,0.33
Adventure,Biography,Drama,37.88
Comedy,,,162
Horror,Thriller,,20.75
Action,Drama,Family,176.59
Comedy,Fantasy,Horror,79.71
Comedy,Romance,,55.8
Drama,Mystery,Romance,39.83
Action,Adventure,Comedy,77.21
Thriller,,,0.32
Comedy,,,44.67
Adventure,Comedy,Sci-Fi,37.37
Comedy,Drama,Fantasy,
Mystery,Thriller,,217.54
Comedy,Drama,,0.69
Adventure,Drama,Family,73.82
Horror,Thriller,,0.02
Action,Drama,Romance,39.38
Drama,Romance,,0.56
Action,Adventure,Fantasy,102.18
Comedy,,,63.03
Action,Biography,Drama,4.71
Drama,Mystery,Romance,20.17
Adventure,Drama,Western,171.03
Drama,Music,Romance,3.59
Comedy,Romance,Western,42.62
Thriller,,,
Comedy,Drama,Romance,3.65
Horror,Thriller,,34.9
Adventure,Family,Fantasy,68.56
Crime,Drama,Mystery,39
Horror,Mystery,,27.69
Comedy,Crime,Drama,7.76
Action,Comedy,Romance,54.76
Biography,Drama,History,
Adventure,Drama,,0.06
Drama,Thriller,,
Drama,,,
Action,Adventure,Fantasy,21.27
Action,Biography,Drama,93.57
Drama,Music,,31.66
Comedy,Drama,,31.24
Drama,Thriller,War,18.7
Action,Mystery,Thriller,101.11
Horror,Sci-Fi,Thriller,64.42
Comedy,Drama,Romance,10.57
Action,Sci-Fi,,61.66
Action,Adventure,Fantasy,317.01
Drama,Mystery,Romance,31.99
Drama,,,0.34
Action,Adventure,Thriller,168.37
Action,Crime,Thriller,
Animation,Action,Adventure,217.39
Drama,Fantasy,Mystery,42.27
Drama,Sci-Fi,,10.14
Animation,Adventure,Comedy,191.45
Horror,Thriller,,0.78
Action,Thriller,,
Comedy,,,
Biography,Drama,,3.86
Action,Mystery,Thriller,61.09
Action,Mystery,Sci-Fi,12.28
Crime,Drama,Thriller,28.48
Comedy,Romance,,
Comedy,Drama,Romance,0.04
Biography,Drama,Thriller,107.1
Drama,,,
Action,Adventure,Family,3.77
Animation,Comedy,Family,169.69
Action,Crime,Drama,227.95
Comedy,,,87.03
Comedy,Crime,Thriller,36.92
Comedy,Romance,,31.45
Animation,Comedy,Drama,0.29
Action,Crime,Thriller,18.6
Comedy,Romance,,70.63
Adventure,Biography,Drama,5.48
Animation,Adventure,Comedy,368.05
Crime,Drama,Mystery,25.98
Action,Comedy,Sci-Fi,26
Comedy,Fantasy,Horror,
Comedy,Crime,,14.99
Animation,Action,Adventure,82.16
Action,Drama,Thriller,50.55
Fantasy,Horror,,71.98
Crime,Drama,Thriller,33.63
Action,Adventure,Fantasy,90.76
Comedy,Drama,Romance,6.85
Biography,Drama,Romance,3.9
Action,Drama,History,
Action,Adventure,Comedy,0.05
Horror,Thriller,,71.59
Horror,Mystery,Thriller,41.57
Comedy,Romance,,16.68
Animation,Adventure,Comedy,21
Crime,Drama,Mystery,88.5
Crime,Drama,Mystery,
Adventure,Biography,Drama,18.33
Horror,Mystery,Thriller,84.26
Horror,Thriller,,
Drama,Romance,War,
Adventure,Fantasy,Mystery,7.69
Action,Adventure,Sci-Fi,150.17
Biography,Drama,,0.3
Drama,Thriller,,
Horror,Thriller,,
Drama,Horror,Thriller,6.88
Action,Adventure,Fantasy,
Action,Horror,Thriller,25.03
Comedy,,,14.17
Drama,Sport,,70.27
Comedy,Family,,49
Drama,Romance,,11.23
Action,Adventure,Comedy,70.22
Comedy,,,59.62
Mystery,Romance,Thriller,5.98
Crime,Drama,,0.13
Action,Comedy,,100.02
Crime,Drama,Mystery,
Biography,Drama,Romance,
Comedy,Crime,,54.41
Drama,Thriller,,1.98
Drama,,,3.03
Animation,Adventure,Comedy,104.37
Action,Thriller,,81.56
Drama,Thriller,,93.75
Animation,Adventure,Comedy,177.34
Crime,Drama,Mystery,0.09
Thriller,,,
Biography,Drama,Sport,95
Crime,Drama,Thriller,81.16
Drama,Music,,16.17
Crime,Drama,Thriller,11.33
Drama,Romance,,23.21
Animation,Action,Adventure,215.4
Comedy,Drama,,54.01
Action,Adventure,Drama,125.32
Biography,Crime,Drama,36.58
Horror,,,41.78
Biography,Drama,Mystery,35.71
Drama,Romance,,19.06
Animation,Drama,Romance,
Comedy,Family,,66.95
Drama,,,1.36
Mystery,Thriller,,
Drama,Fantasy,Horror,0.16
Drama,Romance,,3.4
Biography,Drama,History,0.64
Comedy,Family,,52.69
Action,Adventure,Thriller,133.38
Comedy,Drama,,3.36
Action,Adventure,Fantasy,9.35
Action,Thriller,,44.8
Drama,Romance,,13.77
Comedy,Drama,Romance,53.36
Drama,Horror,Sci-Fi,28.64
Comedy,Horror,Romance,66.36
Drama,,,33.4
Action,Adventure,Sci-Fi,122.51
Action,Adventure,Fantasy,83.64
Action,Adventure,Drama,1.91
Biography,Comedy,Drama,83.3
Drama,Mystery,Romance,23.01
Animation,Adventure,Comedy,143.62
Drama,Romance,Sci-Fi,0.03
Drama,,,34.3
Drama,Fantasy,,13.3
Drama,Romance,,60.44
Comedy,Horror,Thriller,25
Comedy,Drama,Romance,34.96
Crime,Drama,,
Comedy,Romance,,67.52
Action,Drama,Family,85.46
Comedy,Drama,Romance,152.64
Action,Thriller,War,42.72
Action,Comedy,Horror,
Biography,Drama,Sport,34.53
Adventure,Comedy,Drama,2.28
Comedy,Romance,,88.92
Comedy,Romance,,58.72
Comedy,Drama,Romance,0.81
Action,Adventure,Crime,34.01
Comedy,Romance,,3.45
Animation,Action,Adventure,177
Action,Crime,Sci-Fi,58.61
Drama,,,
Comedy,Drama,Romance,14.44
Crime,Thriller,,117.14
Comedy,Horror,Sci-Fi,7.77
Drama,Thriller,,75.64
Drama,Fantasy,Horror,0.08
Thriller,,,
Adventure,Drama,Family,82.23
Mystery,Sci-Fi,Thriller,0.07
Biography,Crime,Drama,36.84
Drama,Fantasy,Horror,0.79
Action,Adventure,Thriller,85.02
Crime,Drama,Horror,
Crime,Drama,Fantasy,2.21
Adventure,Family,Fantasy,70.08
Action,Adventure,Drama,0.12
Action,Comedy,Horror,3.64
Comedy,Drama,Family,64.15
Action,Thriller,,27.29
Action,Adventure,Sci-Fi,200.07
Adventure,Drama,Fantasy,281.28
Drama,,,47.54
Drama,,,0.02
Comedy,,,
Drama,,,16.38
Comedy,Drama,Music,51.78
Drama,Fantasy,Music,50.46
Drama,,,
Thriller,,,
Comedy,Horror,,0.22
Action,Comedy,Sport,148.21
Horror,,,0.18
Comedy,Drama,,0.32
Action,Drama,Thriller,
Drama,Romance,,83.81
Horror,Mystery,,0.07
Adventure,Drama,Fantasy,300.52
Thriller,,,
Comedy,Romance,,13.99
Action,Sci-Fi,Thriller,42
Fantasy,Mystery,Thriller,
Biography,Drama,,116.63
Crime,Drama,,0.03
Action,Adventure,Sci-Fi,60.52
Adventure,,,0.15
Comedy,Drama,,6.74
Comedy,Drama,,82.62
Comedy,Drama,Romance,95.33
Adventure,Comedy,Drama,1.29
Action,Sci-Fi,Thriller,36.06
Comedy,Romance,,26.05
Action,Fantasy,Horror,40.17
Crime,Drama,Thriller,40.98
Action,Drama,Thriller,30.69
Crime,Drama,Mystery,22.49
Crime,Drama,Mystery,2.32
Drama,Sci-Fi,Thriller,0.01
Biography,Drama,History,26.81
Crime,Horror,Thriller,0.09
Drama,,,
Drama,Mystery,Thriller,
Adventure,Biography,,
Adventure,Biography,Crime,10.14
Action,Horror,Thriller,
Action,Adventure,Western,89.29
Horror,Thriller,,34.33
Drama,Mystery,Thriller,80.05
Comedy,Drama,Musical,38.51
Horror,Mystery,,38.18
Biography,Drama,Sport,8.81
Comedy,Family,Romance,59.57
Drama,Mystery,Thriller,
Comedy,,,
Drama,,,
Drama,Thriller,,3.19
Biography,Drama,Family,61.69
Comedy,Drama,Family,85.91
Drama,Fantasy,Musical,24.34
Comedy,,,82.39
Adventure,Family,,42.65
Adventure,Comedy,Fantasy,21.56
Horror,Thriller,,42.58
Drama,Romance,,23.39
Horror,,,
Biography,Drama,History,52.07
Action,Adventure,Fantasy,45.8
Drama,Family,Music,1.2
Comedy,Drama,Romance,6.92
Action,Adventure,Horror,60.13
Comedy,,,54.72
Crime,Drama,Mystery,
Horror,,,17.54
Drama,Music,Romance,58.01
Adventure,Comedy,,
Comedy,Family,Fantasy,19.64
